,0
uid,0.0
credit_level,0.0
djk_cred_limit,0.0
djk_over_draft,0.0
djk_dlay_amt,0.0
djk_five_class,0.8010734408393239
djk_bankacct_bal,0.8972702545171944
djkfq_rem_ppl,0.0
djkfq_rem_fee,0.0
contract_dlay_bal,0.0
contract_dull_bal,0.0
contract_owed_int_in,0.0
contract_owed_int_out,0.0
contract_fine_pr_int,0.0
contract_fine_intr_int,0.0
contract_dlay_days,0.0
contract_five_class,1.0
contract_class_date,1.0
contract_is_bad,1.0
contract_due_intr_days,0.0
duebill_dlay_amt,0.0
duebill_dull_amt,0.0
duebill_bad_debt_amt,0.0
duebill_owed_int_in,0.0
duebill_owed_int_out,0.0
duebill_fine_pr_int,0.0
duebill_fine_intr_int,0.0
duebill_dlay_days,0.0
duebill_due_intr_days,0.0
duebill_vouch_type,0.9402564600738295
base_sex,0.0
base_birthday,0.0
base_marrige,0.0
base_education,0.0
base_reg_add,0.3663299009131533
base_career,0.0
base_prof_titl,0.0
base_is_employee,0.0
base_is_shareholder,0.0
base_is_contact,0.0
base_is_black,0.0
liabacct_five_class,0.8361424130561492
liabacct_overdue_class,0.8361424130561492
liabacct_overdue_flag,0.8361424130561492
liabacct_owed_int_flag,0.8361424130561492
liabacct_defect_type,0.8361424130561492
liabacct_owed_int_in,0.0
liabacct_owed_int_out,0.0
liabacct_delay_bal,0.0
liab_bad_bal,0.0
liab_due_intr,0.0
liab_delay_bal,0.0
