,0
uid,0.0
star_level,0.0
asset_all_bal,0.0
asset_avg_mth,0.0
asset_avg_qur,0.0
asset_avg_year,0.0
asset_sa_bal,0.0
asset_td_bal,0.0
asset_fin_bal,0.0
asset_sa_crd_bal,0.0
asset_td_crd_bal,0.0
asset_sa_td_bal,0.0
asset_ntc_bal,0.0
asset_td_3m_bal,0.0
asset_td_6m_bal,0.0
asset_td_1y_bal,0.0
asset_td_2y_bal,0.0
asset_td_3y_bal,0.0
asset_td_5y_bal,0.0
asset_oth_td_bal,0.0
asset_cd_bal,0.0
base_sex,0.0
base_birthday,0.0
base_marrige,0.0
base_education,0.0
base_reg_add,0.3795230890946188
base_career,0.0
base_prof_titl,0.0
base_is_employee,0.0
base_is_shareholder,0.0
base_is_contact,0.0
base_is_black,0.0
acct_bal,0.0
acct_avg_mth,0.0
acct_avg_qur,0.0
acct_avg_year,0.0
acct_is_secu_card,0.3634814773689397
acct_acct_sts,0.3634814773689397
acct_frz_sts,0.3634814773689397
acct_stp_sts,0.3634814773689397
